2040;Crude_oil;Liquid_fuels;Gas_fuels;Solid_fuels;Elec_heating;Steel_Iron;NonFerrousMetals;Cement;OthMin;ChemicalPharma;Paper;Auto_indus;OthEquip;Electronics;Food_industry;OthManuf;LandTransp;NavalTransp;AirTransp;AgriForest_Fish;Construction;Property_business;Compo
Crude_oil;0.0;0.0;0.0;0.0;0.0;0.0;0.0;0.0;0.0;0.0;0.0;0.0;0.0;0.0;0.0;0.0;0.0;0.0;0.0;0.0;0.0;0.0;0.0
Liquid_fuels;0.0;0.0;0.0;0.0;0.0;0.0;0.0;0.0;0.0;0.0;0.0;0.0;0.0;0.0;0.0;0.0;0.0;0.0;0.0;0.0;0.0;0.0;0.0
Gas_fuels;0.0;0.0;0.0;0.0;0.0;0.0;0.0;0.0;0.0;0.0;0.0;0.0;0.0;0.0;0.0;0.0;0.0;0.0;0.0;0.0;0.0;0.0;0.0
Solid_fuels;0.0;0.0;0.0;0.0;0.0;0.0;0.0;0.0;0.0;0.0;0.0;0.0;0.0;0.0;0.0;0.0;0.0;0.0;0.0;0.0;0.0;0.0;0.0
Elec_heating;0.0;0.0;0.0;0.0;0.0;0.0;0.0;0.0;0.0;0.0;0.0;0.0;0.0;0.0;0.0;0.0;0.0;0.0;0.0;0.0;0.0;0.0;0.0
Steel_Iron;0.0670297;0.0845413;0.5438768;0.0116495;1.6760285;0.2728876;0.3160698;0.0596422;0.3991442;1.4585425;0.0904321;2.1477581;1.2249225;1.0417245;0.6462853;0.7586245;1.4865771;0.6838255;0.8027516;1.1404506;0.8745445;22.117765;28.795853
NonFerrousMetals;0.1150693;0.1451313;0.933669;0.0199986;2.8772248;0.4684639;0.5425945;0.1023873;0.6852076;2.5038684;0.155244;3.6870392;2.1028148;1.7883202;1.1094729;1.3023247;2.5519951;1.1739177;1.3780774;1.9578025;1.5013235;37.969391;49.433612
Cement;0.0;0.0;0.0;0.0;0.0;0.0;0.0;0.0;0.0;0.0;0.0;0.0;0.0;0.0;0.0;0.0;0.0;0.0;0.0;0.0;0.0;0.0;0.0
OthMin;0.0;0.0;0.0;0.0;0.0;0.0;0.0;0.0;0.0;0.0;0.0;0.0;0.0;0.0;0.0;0.0;0.0;0.0;0.0;0.0;0.0;0.0;0.0
ChemicalPharma;0.0;0.0;0.0;0.0;0.0;0.0;0.0;0.0;0.0;0.0;0.0;0.0;0.0;0.0;0.0;0.0;0.0;0.0;0.0;0.0;0.0;0.0;0.0
Paper;0.0;0.0;0.0;0.0;0.0;0.0;0.0;0.0;0.0;0.0;0.0;0.0;0.0;0.0;0.0;0.0;0.0;0.0;0.0;0.0;0.0;0.0;0.0
Auto_indus;52.642113236685766;71.19269877670406;921.3768130665655;10.810743191553764;2839.344872616492;255.0938570311504;295.4603490351612;32.71987649310335;218.9714836580984;576.6262319793468;77.04074270115412;412.8271030587197;138.21197316646766;42.899268742555975;451.4464036021826;305.157247540055;5891.442207543882;2710.0633323476363;3181.378726763122;576.6262319793468;1819.102559317589;61.25821376037132;20753.843711709025
OthEquip;70.05526679487751;110.1572572857462;961.7327403594912;16.18119042342623;2963.707014054662;380.89796743301713;441.1719339307831;58.10308054502233;388.8436963597005;907.7089436577188;130.12083596541072;464.1226747334237;263.5141176480794;100.16688982578128;859.9151311649939;553.9280191557226;975.10567662484;448.5486193940758;526.557072317152;2295.596220147609;942.807515513796;178.10660614852603;9356.899840210255
Electronics;20.80159735206915;51.75476323557975;131.0585741528785;4.636896048837432;403.87438526778175;103.9958301490146;120.45231245204832;8.376563728003504;56.0585415819006;319.7440119318421;33.49201939643684;161.69564852947457;64.17191045039576;27.00984358486076;194.521078895947;126.98786692112246;550.7377912349807;253.33939000264627;297.39840123233444;62.00359220086446;211.5416623617112;15.80483784887554;8037.233903561089
Food_industry;0.0;0.0;0.0;0.0;0.0;0.0;0.0;0.0;0.0;0.0;0.0;0.0;0.0;0.0;0.0;0.0;0.0;0.0;0.0;0.0;0.0;0.0;0.0
OthManuf;31.350939620172394;39.54140898242413;254.38060723302988;5.448675268578769;783.9076009491205;127.63425075183666;147.83131994764827;27.895705719060526;186.68664225244805;682.1856394536051;42.296639013118124;1004.54373015412;572.9175271000553;487.2326221870666;302.27886278885427;354.8218550910106;695.2978980232587;319.8370345993377;375.46086342392084;533.4085553601518;409.03963256778445;10344.862272340086;13468.319952543176
LandTransp;0.0;0.0;0.0;0.0;0.0;0.0;0.0;0.0;0.0;0.0;0.0;0.0;0.0;0.0;0.0;0.0;0.0;0.0;0.0;0.0;0.0;0.0;0.0
NavalTransp;0.0;0.0;0.0;0.0;0.0;0.0;0.0;0.0;0.0;0.0;0.0;0.0;0.0;0.0;0.0;0.0;0.0;0.0;0.0;0.0;0.0;0.0;0.0
AirTransp;0.0;0.0;0.0;0.0;0.0;0.0;0.0;0.0;0.0;0.0;0.0;0.0;0.0;0.0;0.0;0.0;0.0;0.0;0.0;0.0;0.0;0.0;0.0
AgriForest_Fish;0.0;0.0;0.0;0.0;0.0;0.0;0.0;0.0;0.0;0.0;0.0;0.0;0.0;0.0;0.0;0.0;0.0;0.0;0.0;1901.0132561706885;0.0;0.0;0.0
Construction;59.225083500322405;17.99753271280937;1261.6254997445706;8.277126421237922;3887.86637722406;204.6320278739251;237.0133616795038;48.39652820343432;323.8844552436556;585.6904794103644;92.9037689158155;215.78069934437897;198.8460761405908;58.82611252325137;1196.6739288113702;677.7415936946066;2337.624288450339;1075.307159021286;1262.3171020973132;2382.28216531538;1859.8241997097743;119775.67850243524;61622.43925698893
Property_business;14.043721619786314;17.712660218028088;113.95034459261596;2.440745884814937;351.15310097433985;57.17403808376344;66.22135929327531;12.495941690842246;83.62668623960924;305.5865365607234;18.9468710922323;449.987526659229;256.639640961961;218.2569114757975;135.40646576613634;158.94322050460124;311.46020105149734;143.27169520566835;168.18850584582896;238.94150658802192;183.23017867723368;4634.003396834058;6033.162967895355
Compo;425.1666385798657;578.6589996836092;772.4160805728368;69.07956988014726;2380.3025587034545;1598.4283475952486;1851.3665318297808;425.7271213975096;2849.096854804362;12408.700339555464;485.2683834724363;21732.74098849614;12411.559779116122;11076.694863090032;2680.3112555153866;5646.018804802745;1812.5630795680884;833.779000269443;978.7840384689512;846.7301655549358;1925.6605149925977;716.6179623427801;140458.32514959364
